id,prediction,rationale
95,0,"NO - reason

The backstory suggests that Noirtier pre-emptively handed the conspiracy dossier to a British spy, which resulted in his son's ""lawful"" murder. However, in the novel, it is mentioned that"
136,1,"YES - reason: The backstory describes Faria as a man who lived quietly on an island, wrote a vast work on human intelligence, and left France to avoid financial troubles. In the novel, Faria is also a"
59,1,"YES - The backstory is consistent as it describes Thalcave's skills in mountain survival and hunting, which aligns with his actions and abilities shown later in the excerpt provided."
60,1,"YES - reason
The backstory is consistent as it refers to Thalcave's rescue mission in 1852, which is not mentioned in the provided novel excerpt from ""In Search of the Castaways."" The novel evidence d"
124,0,YES - Faria's encounter with Caderousse stealing a mooring rope and his subsequent actions are not directly contradicted in the novel passage provided. The passage only mentions a later meeting betwee
111,1,"YES - reason
The backstory is consistent as it aligns with the information presented in the excerpts from The Count of Monte Cristo. Noirtier's political involvement and contacts are described, which "
135,1,"YES - The backstory provided is consistent with the novel, ""The Count of Monte Cristo."" Faria's mention of being imprisoned in Château d'If since 1811 and transfer to Piedmont, France, aligns with his"
27,1,"YES - The backstory provided is consistent with the events described in ""In Search of the Castaways"". Tom Ayrton/Ben Joyce's character was a porter who lost his hearing, and the novel mentions Harry G"
110,0,"YES - reason

The backstory describes Noirtier's locked study as a place where he keeps revolutionary pamphlets and private letters. In the excerpt, it is mentioned that Noirtier has a room full of ca"
42,1,"YES - reason
The backstory is consistent because it indicates that Tom Ayrton and his two sailors survived the wreck of the Britannia and reached a desert island. This aligns with the events that take"
56,1,"YES - reason
Thalcave's character as a pragmatic and somewhat cautious individual who is skeptical of native tribes is consistent with his actions and opinions in the excerpt. His order for the party "
80,0,"YES - reason

The backstory is consistent because it provides details about Kai-Koumou's early life, achievements, and responsibilities on the island. These details do not contradict any information p"
28,0,"YES - reason: In the provided text, there's no evidence that Tom Ayrton/Ben Joyce was involved in the events described in the backstory regarding the merchant Emerald Bird and the scheme involving car"
101,1,"YES - Noirtier's backstory is consistent with the novel as it describes his involvement in radical republican activities before the events of the story. This fits with his character later on, where he"
91,1,"YES - The backstory is consistent. The text mentions that Noirtier was working for Fouché and organized the assassination of royalist deputies, which aligns with his involvement in the assassination p"
24,0,"YES - reason

The backstory is consistent because it does not contain any information that contradicts the events or characters in the novel. It describes Jacques Paganel's role in the voyage to find "
119,1,"YES - reason
The backstory is consistent because it describes Faria's regret over not escaping from the prison and his subsequent sadness, which aligns with the novel evidence where he expresses his c"
93,1,"YES - The backstory is consistent. The novel evidence explains that Noirtier left Marseilles and became a cashier in a Spanish bank during the war, then later made a fortune, married twice, and was ma"
72,0,"YES - reason: The backstory is consistent because it describes Kai-Koumou as a commander of the fort, appointed by the Argentine government and a former French sergeant. This aligns with the novel's p"
16,0,"YES - reason
The backstory provided is consistent with the evidence given in the novel ""In Search of the Castaways"". The character Jacques Paganel, as described in your backstory, aligns with his port"
30,0,"YES - The backstory is consistent. It doesn't provide any contradictions with the events described in the excerpt from ""In Search of the Castaways."""
97,1,"YES - The backstory is consistent. Noirtier's mastery over poisons, as evident in the novel, explains his ability to recognize Barrois' symptoms and later identify whether Mademoiselle de Villefort po"
22,0,"YES - reason
The backstory provided about Jacques Paganel does not seem to contradict any events or details mentioned in the excerpts from ""In Search of the Castaways."" The mention of his extensive kn"
53,0,"YES - reason: The backstory suggests that Thalcave and Thaouka fell off a cliff and survived, forming a deep bond. In the novel evidence provided, it's clear that Thalcave is riding Thaouka, indicatin"
58,1,"YES - reason: The backstory is consistent as it explains Thalcave's knowledge of Quechua, Spanish, and French, and his interest in navigation, which aligns with his character portrayal in the novel."
81,0,"YES - reason: The backstory provides additional context about Kai-Koumou's past actions and skills, but it doesn't contradict any details mentioned in the provided novel extract."
47,0,"YES - reason: The backstory provided does not seem to contradict any information given in the excerpt from ""In Search of the Castaways."" Thalcave's past hardships and his attachment to his horse are n"
7,0,YES - The backstory does not contradict the information given in the novel excerpt. The events described in the backstory (Jacques Paganel's scientific expedition and its hardships) are not directly m
121,1,"YES - The backstory presented is consistent with the novel ""The Count of Monte Cristo."" Faria's role in the story, as a prisoner and mentor to Edmond Dantès, aligns with his character development in t"
129,0,"NO - reason

The provided backstory mentions Faria carving fish-bone pen-nibs for his scholarship, but in the novel, he never mentions or demonstrates any such skills. Also, the backstory mentions Far"
51,0,"YES - reason
The backstory does not provide information about Thalcave's presence in the specific scene described in the novel passage. Therefore, it is consistent with the novel because it does not c"
127,0,"YES - The backstory does not contradict the novel as it provides additional context to the character of Faria, which is not directly conflicting with the events and characters mentioned in the excerpt"
133,0,YES - reason
52,1,YES - reason: The backstory of Thalcave trapping and taming a black stallion named Thaouka is consistent with the novel's description of Thalcave as a skilled rider who possesses the traditional Patag
114,0,"YES - reason

The backstory is consistent because it suggests that Faria was skilled in decoding ciphers, which aligns with his actions later in the novel when he gives Edmond Dantès a paper containin"
2,1,"YES - reason: The backstory provided suggests that Paganel has a basic understanding of Spanish, which allows him to communicate and understand the guide in the novel. This is consistent with his back"
33,1,"YES - reason
The backstory is consistent because it describes Tom Ayrton as a quartermaster on Captain Grant's ship, the Britannia, and explains that he left Glasgow in March 1861 to search for a suit"
15,1,"YES - reason
The backstory is consistent because it describes Jacques Paganel's experiences in the Amazon, which took place before the events of the novel. The passage from the novel provides informat"
82,1,"YES - The backstory is consistent as it describes Kai-Koumou's life before joining Glenarvan and his companions, which does not conflict with any events mentioned in the provided novel excerpt."
37,1,"YES - The provided backstory is consistent with the novel, as it introduces Tom Ayrton's background and his connection to the characters of Captain Mangles, Mary, and Robert. Additionally, it provides"
3,0,"YES - reason
The backstory provided is consistent with the novel ""In Search of the Castaways"" as it introduces Captain Harry Grant, who is one of the characters in the book and whose children are rele"
103,1,"YES - reason: The backstory suggests that Noirtier distanced himself from former comrades and grew wary of power's corruption, which is consistent with his character in ""The Count of Monte Cristo"" whe"
94,1,"YES - The backstory is consistent, as it describes Noirtier's political manipulations and influence using his condition to gain leverage over enemies, which aligns with the character's actions in the "
85,1,"YES - reason
The backstory is consistent as it suggests that Kai-Koumou volunteered to lead a search for Captain Grant's daughter, which aligns with his later involvement in the novel when he helps Gl"
21,1,"YES - The provided backstory is a summary of events from the first part of the novel ""In Search of the Castaways"" by Jules Verne, and it seems to be consistent with the narrative of the book."
49,1,"YES - reason
Thalcave's backstory mentions that he lived alone in the Andean border wilds for two years, and the novel evidence shows Thalcave resolving not to stop but to keep straight on to Fort Ind"
140,1,"YES - reason: The provided backstory is consistent with the events and characters in ""The Count of Monte Cristo."" Here's why:

1. Faria is a character in the novel who befriends Edmond Dantès during t"
64,1,"YES - reason
The backstory provided is consistent with the novel ""In Search of the Castaways."" The details about Thalcave's act of rescuing sailors from a shipwreck, their stranded survival on an isla"
131,1,"YES - reason: The provided backstory is consistent with the novel as it shares details about Faria's noble background, his intelligence, and his possession of a family library. These elements are part"
61,0,"YES - reason: The backstory does not seem to be contradictory with the events of the novel. It suggests that Thalcave's sister was taken captive by slave-raiders, which could have happened during a pe"
86,0,YES - reason: The backstory is consistent as it doesn't provide any information that contradicts the events mentioned in the excerpts from the novel. It provides additional details about Kai-Koumou an
38,0,"YES - reason: The backstory provided about Tom Ayrton/Ben Joyce does not directly conflict with the events in ""In Search of the Castaways."" The backstory mentions a storm at sea and the character's in"
132,1,"YES - The backstory is consistent with the novel, as it describes Faria's intelligence, academic achievements, and travels which align with his characterization in ""The Count of Monte Cristo."""
77,0,"YES - reason: The backstory is consistent with the novel as it provides information about Kai-Koumou's past, his rescue by Wallace, and his later actions that eventually lead him to encounter Glenarva"
70,1,"YES - The backstory is consistent with the novel, as it describes Kai-Koumou's actions and character traits that are later depicted in the novel. For example, his execution of Julia and ban on white m"
115,0,"YES - Faria's background as a Jesuit novice studying ancient Indian medical texts is not directly mentioned in the excerpts provided, but it is consistent with his character being knowledgeable about "
78,1,"YES - The backstory is consistent with the novel, as it describes Kai-Koumou's past and his actions in the context of the events that occur later in the story."
87,1,"YES - The backstory is consistent with the novel. The family trauma of Noirtier described in your text aligns with his character as portrayed in ""The Count of Monte Cristo"". His father was a Girondin,"
75,1,"YES - reason: The backstory provided about Kai-Koumou's extraordinary geographical knowledge and his ability to determine shipwreck locations based on tidal changes is consistent with the novel, as he"
44,1,"YES - reason
The backstory is consistent as it refers to Tom Ayrton/Ben Joyce's guilt and silence about knowing the fate of the shipwrecked sailors, which aligns with his later actions in the novel."
